id,created_at,productNum,productName,HSN,sizes,colour,subCategory,category,brand,description,unitPrice,discount,price,quantity,imageUrl,rating,rentable
1,2024-11-20 08:00:58.1773+00,PRD-001,ASIAN PAINTS TRACTOR EMULTION SUPWHITE,32099020,1L,SUPWHITE,TRACTOR EMULTION,PAINTS,ASIAN PAINT,"Tractor Emulsion helps with that. With 1.5 times more coverage than your average distemper, it provides a superior finish at an affordable cost. Additionally, it is a lead-free matt paint. A wide range of shades makes this water-based emulsion paint an upgrade from distemper.",169.492,15,200,100,https://zwpxczeturmsdddiwpfl.supabase.co/storage/v1/object/public/product-images/paints/asian-paints/ASIAN-PAINTS-TRACTOR-EMULSION-SUPWHITE.webp,5,false
2,2024-11-20 08:00:58.1773+00,PRD-002,ASIAN PAINTS TRACTOR EMULTION SUPWHITE,32099020,4L,SUPWHITE,TRACTOR EMULTION,PAINTS,ASIAN PAINT,"Tractor Emulsion helps with that. With 1.5 times more coverage than your average distemper, it provides a superior finish at an affordable cost. Additionally, it is a lead-free matt paint. A wide range of shades makes this water-based emulsion paint an upgrade from distemper.",584.746,25,690,100,https://zwpxczeturmsdddiwpfl.supabase.co/storage/v1/object/public/product-images/paints/asian-paints/ASIAN-PAINTS-TRACTOR-EMULSION-SUPWHITE.webp,4,false
3,2024-11-20 08:00:58.1773+00,PRD-003,ASIAN PAINTS TRACTOR EMULTION SUPWHITE,32099020,10L,SUPWHITE,TRACTOR EMULTION,PAINTS,ASIAN PAINT,"Tractor Emulsion helps with that. With 1.5 times more coverage than your average distemper, it provides a superior finish at an affordable cost. Additionally, it is a lead-free matt paint. A wide range of shades makes this water-based emulsion paint an upgrade from distemper.",1313.56,35,1550,100,https://zwpxczeturmsdddiwpfl.supabase.co/storage/v1/object/public/product-images/paints/asian-paints/ASIAN-PAINTS-TRACTOR-EMULSION-SUPWHITE.webp,5,false
4,2024-11-20 08:00:58.1773+00,PRD-004,ASIAN PAINTS TRACTOR EMULTION SUPWHITE,32099020,20L,SUPWHITE,TRACTOR EMULTION,PAINTS,ASIAN PAINT,"Tractor Emulsion helps with that. With 1.5 times more coverage than your average distemper, it provides a superior finish at an affordable cost. Additionally, it is a lead-free matt paint. A wide range of shades makes this water-based emulsion paint an upgrade from distemper.",2203.39,45,2600,100,https://zwpxczeturmsdddiwpfl.supabase.co/storage/v1/object/public/product-images/paints/asian-paints/ASIAN-PAINTS-TRACTOR-EMULSION-SUPWHITE.webp,4,false
5,2024-11-20 08:00:58.1773+00,PRD-005,ASIAN PAINTS TRACTOR SHYNE WHITE,,1L,WHITE,"TRACTOR SHYNE ",PAINTS,ASIAN PAINT,"Tractor Emulsion Shyne, an affordable emulsion for your interior walls. It provides more paint coverage than regular distemper and offers a wide range of shades that makes your home unique. With 3 years performance warranty, Tractor Emulsion Shyne keeps your walls shinning for a long time, and keeps the compliments coming.",203.39,10,240,100,https://zwpxczeturmsdddiwpfl.supabase.co/storage/v1/object/public/product-images/paints/asian-paints/ASIAN-PAINTS-TRACTOR-SHYNE-WHITE.webp,5,false
6,2024-11-20 08:00:58.1773+00,PRD-006,ASIAN PAINTS TRACTOR SHYNE WHITE,,4L,WHITE,"TRACTOR SHYNE ",PAINTS,ASIAN PAINT,"Tractor Emulsion Shyne, an affordable emulsion for your interior walls. It provides more paint coverage than regular distemper and offers a wide range of shades that makes your home unique. With 3 years performance warranty, Tractor Emulsion Shyne keeps your walls shinning for a long time, and keeps the compliments coming.",745.763,25,880,100,https://zwpxczeturmsdddiwpfl.supabase.co/storage/v1/object/public/product-images/paints/asian-paints/ASIAN-PAINTS-TRACTOR-SHYNE-WHITE.webp,5,false
7,2024-11-20 08:00:58.1773+00,PRD-007,ASIAN PAINTS TRACTOR SHYNE WHITE,,10L,WHITE,"TRACTOR SHYNE ",PAINTS,ASIAN PAINT,"Tractor Emulsion Shyne, an affordable emulsion for your interior walls. It provides more paint coverage than regular distemper and offers a wide range of shades that makes your home unique. With 3 years performance warranty, Tractor Emulsion Shyne keeps your walls shinning for a long time, and keeps the compliments coming.",1610.17,35,1900,100,https://zwpxczeturmsdddiwpfl.supabase.co/storage/v1/object/public/product-images/paints/asian-paints/ASIAN-PAINTS-TRACTOR-SHYNE-WHITE.webp,5,false
8,2024-11-20 08:00:58.1773+00,PRD-008,ASIAN PAINTS TRACTOR SHYNE WHITE,,20L,WHITE,"TRACTOR SHYNE ",PAINTS,ASIAN PAINT,"Tractor Emulsion Shyne, an affordable emulsion for your interior walls. It provides more paint coverage than regular distemper and offers a wide range of shades that makes your home unique. With 3 years performance warranty, Tractor Emulsion Shyne keeps your walls shinning for a long time, and keeps the compliments coming.",3008.47,40,3550,100,https://zwpxczeturmsdddiwpfl.supabase.co/storage/v1/object/public/product-images/paints/asian-paints/ASIAN-PAINTS-TRACTOR-SHYNE-WHITE.webp,5,false
9,2024-11-20 08:00:58.1773+00,PRD-009,ASIAN PAINTS TRACTOR UNO WHITE,,2KG,WHITE,TRACTOR UNO,PAINTS,ASIAN PAINT,"This water-based acrylic distemper from Asian Paints has 900+ shades to choose from to make sure you get a home in the colour of your choice. Moreover, Tractor Uno is a washable, lead-free paint with a stylish matt finish.",152.542,15,180,100,https://zwpxczeturmsdddiwpfl.supabase.co/storage/v1/object/public/product-images/paints/asian-paints/ASIAN-PAINTS-TRACTOR-UNO-WHITE.webp,4,false
10,2024-11-20 08:00:58.1773+00,PRD-010,ASIAN PAINTS TRACTOR UNO WHITE,,5KG,WHITE,TRACTOR UNO,PAINTS,ASIAN PAINT,"This water-based acrylic distemper from Asian Paints has 900+ shades to choose from to make sure you get a home in the colour of your choice. Moreover, Tractor Uno is a washable, lead-free paint with a stylish matt finish.",296.61,20,350,100,https://zwpxczeturmsdddiwpfl.supabase.co/storage/v1/object/public/product-images/paints/asian-paints/ASIAN-PAINTS-TRACTOR-UNO-WHITE.webp,4,false
11,2024-11-20 08:00:58.1773+00,PRD-011,ASIAN PAINTS TRACTOR UNO WHITE,,10KG,WHITE,TRACTOR UNO,PAINTS,ASIAN PAINT,"This water-based acrylic distemper from Asian Paints has 900+ shades to choose from to make sure you get a home in the colour of your choice. Moreover, Tractor Uno is a washable, lead-free paint with a stylish matt finish.",466.102,25,550,100,https://zwpxczeturmsdddiwpfl.supabase.co/storage/v1/object/public/product-images/paints/asian-paints/ASIAN-PAINTS-TRACTOR-UNO-WHITE.webp,4,false
12,2024-11-20 08:00:58.1773+00,PRD-012,ASIAN PAINTS TRACTOR UNO WHITE,,20KG,WHITE,TRACTOR UNO,PAINTS,ASIAN PAINT,"This water-based acrylic distemper from Asian Paints has 900+ shades to choose from to make sure you get a home in the colour of your choice. Moreover, Tractor Uno is a washable, lead-free paint with a stylish matt finish.",779.661,35,920,100,https://zwpxczeturmsdddiwpfl.supabase.co/storage/v1/object/public/product-images/paints/asian-paints/ASIAN-PAINTS-TRACTOR-UNO-WHITE.webp,5,false
13,2024-11-20 08:00:58.1773+00,PRD-013,ASIAN PAINTS APCOLITE PREMIUM EMULTION WHITE,,1L,WHITE,APCOLITE PREMIUM EMULTION,PAINTS,ASIAN PAINT,A paint with no complaints! Standing tall and strong as decades go by. Some walls have even seen generations go by and not withered. Those walls had the touch of Apcolite Premium Emulsion. Persistent paint protection film and stain guard of this washable wall paint will keep you stress free and stain free.,322.034,40,380,100,https://zwpxczeturmsdddiwpfl.supabase.co/storage/v1/object/public/product-images/paints/asian-paints/ASIAN-PAINTS-APCOLITE-PREMIUM-EMULSION-WHITE.webp,5,false
14,2024-11-20 08:00:58.1773+00,PRD-014,ASIAN PAINTS APCOLITE PREMIUM EMULTION WHITE,,4L,WHITE,APCOLITE PREMIUM EMULTION,PAINTS,ASIAN PAINT,A paint with no complaints! Standing tall and strong as decades go by. Some walls have even seen generations go by and not withered. Those walls had the touch of Apcolite Premium Emulsion. Persistent paint protection film and stain guard of this washable wall paint will keep you stress free and stain free.,1144.07,45,1350,100,https://zwpxczeturmsdddiwpfl.supabase.co/storage/v1/object/public/product-images/paints/asian-paints/ASIAN-PAINTS-APCOLITE-PREMIUM-EMULSION-WHITE.webp,5,false
15,2024-11-20 08:00:58.1773+00,PRD-015,ASIAN PAINTS APCOLITE PREMIUM EMULTION WHITE,,10L,WHITE,APCOLITE PREMIUM EMULTION,PAINTS,ASIAN PAINT,A paint with no complaints! Standing tall and strong as decades go by. Some walls have even seen generations go by and not withered. Those walls had the touch of Apcolite Premium Emulsion. Persistent paint protection film and stain guard of this washable wall paint will keep you stress free and stain free.,2711.86,55,3200,100,https://zwpxczeturmsdddiwpfl.supabase.co/storage/v1/object/public/product-images/paints/asian-paints/ASIAN-PAINTS-APCOLITE-PREMIUM-EMULSION-WHITE.webp,5,false
16,2024-11-20 08:00:58.1773+00,PRD-016,ASIAN PAINTS APCOLITE PREMIUM EMULTION WHITE,,20L,WHITE,APCOLITE PREMIUM EMULTION,PAINTS,ASIAN PAINT,A paint with no complaints! Standing tall and strong as decades go by. Some walls have even seen generations go by and not withered. Those walls had the touch of Apcolite Premium Emulsion. Persistent paint protection film and stain guard of this washable wall paint will keep you stress free and stain free.,4915.25,65,5800,100,https://zwpxczeturmsdddiwpfl.supabase.co/storage/v1/object/public/product-images/paints/asian-paints/ASIAN-PAINTS-APCOLITE-PREMIUM-EMULSION-WHITE.webp,5,false
17,2024-11-20 08:00:58.1773+00,PRD-017,ASIAN PAINTS ROYALE LUXURY EMULTION WHITE,,1L,WHITE,ROYALE LUXURY EMULTION,PAINTS,ASIAN PAINT,"Luxury is just a brushstroke away with Royale Luxury Emulsion. It’s the only paint emulsion in India equipped with Teflon surface protector which makes it easily washable and highly durable. It is a non-toxic, lead-free, low VOC and odourless paint that protects the walls from tough stains & harmful bacteria.",491.525,15,580,100,,5,false
18,2024-11-20 08:00:58.1773+00,PRD-018,ASIAN PAINTS ROYALE LUXURY EMULTION WHITE,,4L,WHITE,ROYALE LUXURY EMULTION,PAINTS,ASIAN PAINT,"Luxury is just a brushstroke away with Royale Luxury Emulsion. It’s the only paint emulsion in India equipped with Teflon surface protector which makes it easily washable and highly durable. It is a non-toxic, lead-free, low VOC and odourless paint that protects the walls from tough stains & harmful bacteria.",1864.41,20,2200,100,,4,false
19,2024-11-20 08:00:58.1773+00,PRD-019,ASIAN PAINTS ROYALE LUXURY EMULTION WHITE,,10L,WHITE,ROYALE LUXURY EMULTION,PAINTS,ASIAN PAINT,"Luxury is just a brushstroke away with Royale Luxury Emulsion. It’s the only paint emulsion in India equipped with Teflon surface protector which makes it easily washable and highly durable. It is a non-toxic, lead-free, low VOC and odourless paint that protects the walls from tough stains & harmful bacteria.",4491.53,25,5300,100,,4,false
20,2024-11-20 08:00:58.1773+00,PRD-020,ASIAN PAINTS ROYALE LUXURY EMULTION WHITE,,20L,WHITE,ROYALE LUXURY EMULTION,PAINTS,ASIAN PAINT,"Luxury is just a brushstroke away with Royale Luxury Emulsion. It’s the only paint emulsion in India equipped with Teflon surface protector which makes it easily washable and highly durable. It is a non-toxic, lead-free, low VOC and odourless paint that protects the walls from tough stains & harmful bacteria.",8305.08,35,9800,100,,5,false
21,2024-11-20 08:00:58.1773+00,PRD-021,ASIAN PAINTS ROYALE LUXURY EMULTION SHYNE WHITE,,1L,WHITE,ROYALE LUXURY EMULTION SHYNE,PAINTS,ASIAN PAINT,A unique finish that demonstrates diamond-like sheen and offers enhanced radiance on your walls.,550.847,50,650,100,,5,false
22,2024-11-20 08:00:58.1773+00,PRD-022,ASIAN PAINTS ROYALE LUXURY EMULTION SHYNE WHITE,,4L,WHITE,ROYALE LUXURY EMULTION SHYNE,PAINTS,ASIAN PAINT,A unique finish that demonstrates diamond-like sheen and offers enhanced radiance on your walls.,2118.64,50,2500,100,,5,false
23,2024-11-20 08:00:58.1773+00,PRD-023,ASIAN PAINTS ROYALE LUXURY EMULTION SHYNE WHITE,,10L,WHITE,ROYALE LUXURY EMULTION SHYNE,PAINTS,ASIAN PAINT,A unique finish that demonstrates diamond-like sheen and offers enhanced radiance on your walls.,4915.25,50,5800,100,,4,false
24,2024-11-20 08:00:58.1773+00,PRD-024,ASIAN PAINTS ROYALE LUXURY EMULTION SHYNE WHITE,,20L,WHITE,ROYALE LUXURY EMULTION SHYNE,PAINTS,ASIAN PAINT,A unique finish that demonstrates diamond-like sheen and offers enhanced radiance on your walls.,9152.54,50,10800,100,,5,false
25,2024-11-20 08:00:58.1773+00,PRD-025,ASIAN PAINTS APEX EXTERIOR EMULTION WHITE,,1L,WHITE,APEX EXTERIOR EMULTION,PAINTS,ASIAN PAINT,"A smooth, water-based exterior wall finish with silicone additives that comes with a 6-year performance warranty. Its new dust proof technology resists dust from settling onto the walls. Apex Dust Proof Emulsion protects the walls from harsh weather conditions and algal attacks while retaining the integrity of the paint film.",338.983,,400,100,https://zwpxczeturmsdddiwpfl.supabase.co/storage/v1/object/public/product-images/paints/asian-paints/ASIAN-PAINTS-APEX-EXTERIOR-EMULSION-WHITE.webp,5,false
26,2024-11-20 08:00:58.1773+00,PRD-026,ASIAN PAINTS APEX EXTERIOR EMULTION WHITE,,4L,WHITE,APEX EXTERIOR EMULTION,PAINTS,ASIAN PAINT,"A smooth, water-based exterior wall finish with silicone additives that comes with a 6-year performance warranty. Its new dust proof technology resists dust from settling onto the walls. Apex Dust Proof Emulsion protects the walls from harsh weather conditions and algal attacks while retaining the integrity of the paint film.",1228.81,,1450,100,https://zwpxczeturmsdddiwpfl.supabase.co/storage/v1/object/public/product-images/paints/asian-paints/ASIAN-PAINTS-APEX-EXTERIOR-EMULSION-WHITE.webp,3,false
27,2024-11-20 08:00:58.1773+00,PRD-027,ASIAN PAINTS APEX EXTERIOR EMULTION WHITE,,10L,WHITE,APEX EXTERIOR EMULTION,PAINTS,ASIAN PAINT,"A smooth, water-based exterior wall finish with silicone additives that comes with a 6-year performance warranty. Its new dust proof technology resists dust from settling onto the walls. Apex Dust Proof Emulsion protects the walls from harsh weather conditions and algal attacks while retaining the integrity of the paint film.",2711.86,,3200,100,https://zwpxczeturmsdddiwpfl.supabase.co/storage/v1/object/public/product-images/paints/asian-paints/ASIAN-PAINTS-APEX-EXTERIOR-EMULSION-WHITE.webp,3,false
28,2024-11-20 08:00:58.1773+00,PRD-028,ASIAN PAINTS APEX EXTERIOR EMULTION WHITE,,20L,WHITE,APEX EXTERIOR EMULTION,PAINTS,ASIAN PAINT,"A smooth, water-based exterior wall finish with silicone additives that comes with a 6-year performance warranty. Its new dust proof technology resists dust from settling onto the walls. Apex Dust Proof Emulsion protects the walls from harsh weather conditions and algal attacks while retaining the integrity of the paint film.",4915.25,,5800,100,https://zwpxczeturmsdddiwpfl.supabase.co/storage/v1/object/public/product-images/paints/asian-paints/ASIAN-PAINTS-APEX-EXTERIOR-EMULSION-WHITE.webp,5,false
29,2024-11-20 08:00:58.1773+00,PRD-029,ASIAN PAINTS ACE EXTERIOR EMULTION WHITE,,1L,WHITE,"ACE EXTERIOR EMULTION ",PAINTS,ASIAN PAINT,"Looking for an exterior paint that saves time, effort and money during application? Opt for Ace Exterior Emulsion - a water-based exterior wall finish with unique water resistance technology. It’s the perfect outdoor paint as it has a first-rate resistance to chalking, cracking, and weathering as opposed to cement paints.",203.39,,240,100,https://zwpxczeturmsdddiwpfl.supabase.co/storage/v1/object/public/product-images/paints/asian-paints/ASIAN-PAINTS-ACE-EXTERIOR-EMULSION-WHITE.webp,4,false
30,2024-11-20 08:00:58.1773+00,PRD-030,ASIAN PAINTS ACE EXTERIOR EMULTION WHITE,,4L,WHITE,"ACE EXTERIOR EMULTION ",PAINTS,ASIAN PAINT,"Looking for an exterior paint that saves time, effort and money during application? Opt for Ace Exterior Emulsion - a water-based exterior wall finish with unique water resistance technology. It’s the perfect outdoor paint as it has a first-rate resistance to chalking, cracking, and weathering as opposed to cement paints.",745.763,,880,100,https://zwpxczeturmsdddiwpfl.supabase.co/storage/v1/object/public/product-images/paints/asian-paints/ASIAN-PAINTS-ACE-EXTERIOR-EMULSION-WHITE.webp,5,false
31,2024-11-20 08:00:58.1773+00,PRD-031,ASIAN PAINTS ACE EXTERIOR EMULTION WHITE,,10L,WHITE,"ACE EXTERIOR EMULTION ",PAINTS,ASIAN PAINT,"Looking for an exterior paint that saves time, effort and money during application? Opt for Ace Exterior Emulsion - a water-based exterior wall finish with unique water resistance technology. It’s the perfect outdoor paint as it has a first-rate resistance to chalking, cracking, and weathering as opposed to cement paints.",1610.17,,1900,100,https://zwpxczeturmsdddiwpfl.supabase.co/storage/v1/object/public/product-images/paints/asian-paints/ASIAN-PAINTS-ACE-EXTERIOR-EMULSION-WHITE.webp,3,false
32,2024-11-20 08:00:58.1773+00,PRD-032,ASIAN PAINTS ACE EXTERIOR EMULTION WHITE,,20L,WHITE,"ACE EXTERIOR EMULTION ",PAINTS,ASIAN PAINT,"Looking for an exterior paint that saves time, effort and money during application? Opt for Ace Exterior Emulsion - a water-based exterior wall finish with unique water resistance technology. It’s the perfect outdoor paint as it has a first-rate resistance to chalking, cracking, and weathering as opposed to cement paints.",3008.47,,3550,100,https://zwpxczeturmsdddiwpfl.supabase.co/storage/v1/object/public/product-images/paints/asian-paints/ASIAN-PAINTS-ACE-EXTERIOR-EMULSION-WHITE.webp,3,false
33,2024-11-20 08:00:58.1773+00,PRD-033,ASIAN PAINTS ROYALE LUXURY EMULTION MATT,,1L,MATT,ROYALE LUXURY EMULTION,PAINTS,ASIAN PAINT,"Bumpless walls for a smooth look and luxurious feel, Royale Matt Luxury Emulsion gives the perfect matt finish to your walls. It’s the only washable matt paint emulsion in India equipped with Teflon surface protector that makes it very durable. The toughest household stains like turmeric and ink are reduced to a large extent whereas water-based stains such as tea, coffee, etc. are completely removed with this washable wall paint. Its anti-fungal and anti-dust properties ensure the painted surface retains its finish for years to come.",593.22,,700,100,,4,false
34,2024-11-20 08:00:58.1773+00,PRD-034,ASIAN PAINTS ROYALE LUXURY EMULTION MATT,,4L,MATT,ROYALE LUXURY EMULTION,PAINTS,ASIAN PAINT,"Bumpless walls for a smooth look and luxurious feel, Royale Matt Luxury Emulsion gives the perfect matt finish to your walls. It’s the only washable matt paint emulsion in India equipped with Teflon surface protector that makes it very durable. The toughest household stains like turmeric and ink are reduced to a large extent whereas water-based stains such as tea, coffee, etc. are completely removed with this washable wall paint. Its anti-fungal and anti-dust properties ensure the painted surface retains its finish for years to come.",2288.14,,2700,100,,5,false
35,2024-11-20 08:00:58.1773+00,PRD-035,ASIAN PAINTS ROYALE LUXURY EMULTION MATT,,10L,MATT,ROYALE LUXURY EMULTION,PAINTS,ASIAN PAINT,"Bumpless walls for a smooth look and luxurious feel, Royale Matt Luxury Emulsion gives the perfect matt finish to your walls. It’s the only washable matt paint emulsion in India equipped with Teflon surface protector that makes it very durable. The toughest household stains like turmeric and ink are reduced to a large extent whereas water-based stains such as tea, coffee, etc. are completely removed with this washable wall paint. Its anti-fungal and anti-dust properties ensure the painted surface retains its finish for years to come.",5254.24,,6200,100,,5,false
36,2024-11-20 08:00:58.1773+00,PRD-036,ASIAN PAINTS ROYALE LUXURY EMULTION MATT,,20L,MATT,ROYALE LUXURY EMULTION,PAINTS,ASIAN PAINT,"Bumpless walls for a smooth look and luxurious feel, Royale Matt Luxury Emulsion gives the perfect matt finish to your walls. It’s the only washable matt paint emulsion in India equipped with Teflon surface protector that makes it very durable. The toughest household stains like turmeric and ink are reduced to a large extent whereas water-based stains such as tea, coffee, etc. are completely removed with this washable wall paint. Its anti-fungal and anti-dust properties ensure the painted surface retains its finish for years to come.",9830.51,,11600,100,,5,false
37,2024-11-20 08:00:58.1773+00,PRD-037,ASIAN PAINTS ROYALE LUXURY EMULTION BASE,,200ML,BASE,ROYALE LUXURY EMULTION,PAINTS,ASIAN PAINT,"Luxury is just a brushstroke away with Royale Luxury Emulsion. It’s the only paint emulsion in India equipped with Teflon surface protector which makes it easily washable and highly durable. It is a non-toxic, lead-free, low VOC and odourless paint that protects the walls from tough stains & harmful bacteria.",152.542,,180,100,,4,false
38,2024-11-20 08:00:58.1773+00,PRD-038,ASIAN PAINTS SMARTCARE DAMPROOF WHITE,,1L,WHITE,SMARTCARE DAMPROOF,PAINTS,ASIAN PAINT,"A glass fiber reinforced elastomeric liquid applied waterproofing membrane. Asian Paints SmartCare Damp Proof upon curing, forms a thick, seamless, durable membrane thus offering ultimate waterproofing.",322.034,,380,100,,3,false
39,2024-11-20 08:00:58.1773+00,PRD-039,ASIAN PAINTS SMARTCARE DAMPROOF WHITE,,4L,WHITE,SMARTCARE DAMPROOF,PAINTS,ASIAN PAINT,"A glass fiber reinforced elastomeric liquid applied waterproofing membrane. Asian Paints SmartCare Damp Proof upon curing, forms a thick, seamless, durable membrane thus offering ultimate waterproofing.",1144.07,,1350,100,,4,false
40,2024-11-20 08:00:58.1773+00,PRD-040,ASIAN PAINTS SMARTCARE DAMPROOF WHITE,,10L,WHITE,SMARTCARE DAMPROOF,PAINTS,ASIAN PAINT," A glass fiber reinforced elastomeric liquid applied waterproofing membrane. Asian Paints SmartCare Damp Proof upon curing, forms a thick, seamless, durable membrane thus offering ultimate waterproofing.",2711.86,,3200,100,,5,false
41,2024-11-20 08:00:58.1773+00,PRD-041,ASIAN PAINTS SMARTCARE DAMPROOF WHITE,,20L,WHITE,SMARTCARE DAMPROOF,PAINTS,ASIAN PAINT,"A glass fiber reinforced elastomeric liquid applied waterproofing membrane. Asian Paints SmartCare Damp Proof upon curing, forms a thick, seamless, durable membrane thus offering ultimate waterproofing.",4915.25,,5800,100,,4,false
42,2024-11-20 08:00:58.1773+00,PRD-042,"BERGER LUXOL HI GLOSS ENAMEL SNOW WHITE ",,100ML,WHITE,HI GLOSS ENAMEL,PAINTS,BERGER,"Luxol High Gloss Enamel paint offers a mirror like gloss which can be used both for exterior and interior surfaces mainly on mild steel, wooden and suitably prepared masonry surfaces. Formulated with alkyd and select colourants, it gives a long lasting glossy finish to every surface it touches.",50.8475,,60,100,,2,false
43,2024-11-20 08:00:58.1773+00,PRD-043,"BERGER LUXOL HI GLOSS ENAMEL SNOW WHITE ",,200ML,WHITE,HI GLOSS ENAMEL,PAINTS,BERGER,"Luxol High Gloss Enamel paint offers a mirror like gloss which can be used both for exterior and interior surfaces mainly on mild steel, wooden and suitably prepared masonry surfaces. Formulated with alkyd and select colourants, it gives a long lasting glossy finish to every surface it touches.",84.7458,,100,100,,3,false
44,2024-11-20 08:00:58.1773+00,PRD-044,"BERGER LUXOL HI GLOSS ENAMEL SNOW WHITE ",,500ML,WHITE,HI GLOSS ENAMEL,PAINTS,BERGER,"Luxol High Gloss Enamel paint offers a mirror like gloss which can be used both for exterior and interior surfaces mainly on mild steel, wooden and suitably prepared masonry surfaces. Formulated with alkyd and select colourants, it gives a long lasting glossy finish to every surface it touches.",135.593,,160,100,,4,false
45,2024-11-20 08:00:58.1773+00,PRD-045,"BERGER LUXOL HI GLOSS ENAMEL SNOW WHITE ",,1L,WHITE,HI GLOSS ENAMEL,PAINTS,BERGER,"Luxol High Gloss Enamel paint offers a mirror like gloss which can be used both for exterior and interior surfaces mainly on mild steel, wooden and suitably prepared masonry surfaces. Formulated with alkyd and select colourants, it gives a long lasting glossy finish to every surface it touches.",237.288,,280,100,,5,false
46,2024-11-20 08:00:58.1773+00,PRD-046,"BERGER LUXOL HI GLOSS ENAMEL SNOW WHITE ",,4L,WHITE,HI GLOSS ENAMEL,PAINTS,BERGER,"Luxol High Gloss Enamel paint offers a mirror like gloss which can be used both for exterior and interior surfaces mainly on mild steel, wooden and suitably prepared masonry surfaces. Formulated with alkyd and select colourants, it gives a long lasting glossy finish to every surface it touches.",864.407,,1020,100,,5,false
47,2024-11-20 08:00:58.1773+00,PRD-047,"BERGER LUXOL HI GLOSS ENAMEL SNOW WHITE ",,10L,WHITE,HI GLOSS ENAMEL,PAINTS,BERGER,"Luxol High Gloss Enamel paint offers a mirror like gloss which can be used both for exterior and interior surfaces mainly on mild steel, wooden and suitably prepared masonry surfaces. Formulated with alkyd and select colourants, it gives a long lasting glossy finish to every surface it touches.",2161.02,,2550,100,,4,false
48,2024-11-20 08:00:58.1773+00,PRD-048,"BERGER LUXOL HI GLOSS ENAMEL SNOW WHITE ",,20L,WHITE,HI GLOSS ENAMEL,PAINTS,BERGER,"Luxol High Gloss Enamel paint offers a mirror like gloss which can be used both for exterior and interior surfaces mainly on mild steel, wooden and suitably prepared masonry surfaces. Formulated with alkyd and select colourants, it gives a long lasting glossy finish to every surface it touches.",4110.17,,4850,100,,5,false
49,2024-11-20 08:00:58.1773+00,PRD-049,"BERGER LUXOL HI GLOSS ENAMEL BLACK ",,100ML,BLACK,HI GLOSS ENAMEL,PAINTS,BERGER,"Luxol High Gloss Enamel paint offers a mirror like gloss which can be used both for exterior and interior surfaces mainly on mild steel, wooden and suitably prepared masonry surfaces. Formulated with alkyd and select colourants, it gives a long lasting glossy finish to every surface it touches.",42.3729,,50,100,,4,false
50,2024-11-20 08:00:58.1773+00,PRD-050,"BERGER LUXOL HI GLOSS ENAMEL BLACK ",,200ML,BLACK,HI GLOSS ENAMEL,PAINTS,BERGER,"Luxol High Gloss Enamel paint offers a mirror like gloss which can be used both for exterior and interior surfaces mainly on mild steel, wooden and suitably prepared masonry surfaces. Formulated with alkyd and select colourants, it gives a long lasting glossy finish to every surface it touches.",76.2712,,90,100,,5,false
51,2024-11-20 08:00:58.1773+00,PRD-051,"BERGER LUXOL HI GLOSS ENAMEL BLACK ",,500ML,BLACK,HI GLOSS ENAMEL,PAINTS,BERGER,"Luxol High Gloss Enamel paint offers a mirror like gloss which can be used both for exterior and interior surfaces mainly on mild steel, wooden and suitably prepared masonry surfaces. Formulated with alkyd and select colourants, it gives a long lasting glossy finish to every surface it touches.",135.593,,160,100,,5,false
52,2024-11-20 08:00:58.1773+00,PRD-052,"BERGER LUXOL HI GLOSS ENAMEL BLACK ",,1L,BLACK,HI GLOSS ENAMEL,PAINTS,BERGER,"Luxol High Gloss Enamel paint offers a mirror like gloss which can be used both for exterior and interior surfaces mainly on mild steel, wooden and suitably prepared masonry surfaces. Formulated with alkyd and select colourants, it gives a long lasting glossy finish to every surface it touches.",220.339,,260,100,,4,false
53,2024-11-20 08:00:58.1773+00,PRD-053,"BERGER LUXOL HI GLOSS ENAMEL BLACK ",,4L,BLACK,HI GLOSS ENAMEL,PAINTS,BERGER,"Luxol High Gloss Enamel paint offers a mirror like gloss which can be used both for exterior and interior surfaces mainly on mild steel, wooden and suitably prepared masonry surfaces. Formulated with alkyd and select colourants, it gives a long lasting glossy finish to every surface it touches.",762.712,,900,100,,5,false
54,2024-11-20 08:00:58.1773+00,PRD-054,"BERGER LUXOL HI GLOSS ENAMEL GOLDEN BROWN ",,100ML,GOLDEN BROWN,HI GLOSS ENAMEL,PAINTS,BERGER,"Luxol High Gloss Enamel paint offers a mirror like gloss which can be used both for exterior and interior surfaces mainly on mild steel, wooden and suitably prepared masonry surfaces. Formulated with alkyd and select colourants, it gives a long lasting glossy finish to every surface it touches.",42.3729,,50,100,,4,false
55,2024-11-20 08:00:58.1773+00,PRD-055,"BERGER LUXOL HI GLOSS ENAMEL GOLDEN BROWN ",,200ML,GOLDEN BROWN,HI GLOSS ENAMEL,PAINTS,BERGER,"Luxol High Gloss Enamel paint offers a mirror like gloss which can be used both for exterior and interior surfaces mainly on mild steel, wooden and suitably prepared masonry surfaces. Formulated with alkyd and select colourants, it gives a long lasting glossy finish to every surface it touches.",76.2712,,90,100,,5,false
56,2024-11-20 08:00:58.1773+00,PRD-056,"BERGER LUXOL HI GLOSS ENAMEL GOLDEN BROWN ",,500ML,GOLDEN BROWN,HI GLOSS ENAMEL,PAINTS,BERGER,"Luxol High Gloss Enamel paint offers a mirror like gloss which can be used both for exterior and interior surfaces mainly on mild steel, wooden and suitably prepared masonry surfaces. Formulated with alkyd and select colourants, it gives a long lasting glossy finish to every surface it touches.",135.593,,160,100,,5,false
57,2024-11-20 08:00:58.1773+00,PRD-057,"BERGER LUXOL HI GLOSS ENAMEL GOLDEN BROWN ",,1L,GOLDEN BROWN,HI GLOSS ENAMEL,PAINTS,BERGER,"Luxol High Gloss Enamel paint offers a mirror like gloss which can be used both for exterior and interior surfaces mainly on mild steel, wooden and suitably prepared masonry surfaces. Formulated with alkyd and select colourants, it gives a long lasting glossy finish to every surface it touches.",220.339,,260,100,,4,false
58,2024-11-20 08:00:58.1773+00,PRD-058,"BERGER LUXOL HI GLOSS ENAMEL GOLDEN BROWN ",,4L,GOLDEN BROWN,HI GLOSS ENAMEL,PAINTS,BERGER,"Luxol High Gloss Enamel paint offers a mirror like gloss which can be used both for exterior and interior surfaces mainly on mild steel, wooden and suitably prepared masonry surfaces. Formulated with alkyd and select colourants, it gives a long lasting glossy finish to every surface it touches.",762.712,,900,100,,2,false
59,2024-11-20 08:00:58.1773+00,PRD-059,BERGER LUXOL HI GLOSS ENAMEL BROWN,,100ML,BROWN,HI GLOSS ENAMEL,PAINTS,BERGER,"Luxol High Gloss Enamel paint offers a mirror like gloss which can be used both for exterior and interior surfaces mainly on mild steel, wooden and suitably prepared masonry surfaces. Formulated with alkyd and select colourants, it gives a long lasting glossy finish to every surface it touches.",42.3729,,50,100,,4,false
60,2024-11-20 08:00:58.1773+00,PRD-060,BERGER LUXOL HI GLOSS ENAMEL BROWN,,200ML,BROWN,HI GLOSS ENAMEL,PAINTS,BERGER,"Luxol High Gloss Enamel paint offers a mirror like gloss which can be used both for exterior and interior surfaces mainly on mild steel, wooden and suitably prepared masonry surfaces. Formulated with alkyd and select colourants, it gives a long lasting glossy finish to every surface it touches.",76.2712,,90,100,,3,false
61,2024-11-20 08:00:58.1773+00,PRD-061,BERGER LUXOL HI GLOSS ENAMEL BROWN,,500ML,BROWN,HI GLOSS ENAMEL,PAINTS,BERGER,"Luxol High Gloss Enamel paint offers a mirror like gloss which can be used both for exterior and interior surfaces mainly on mild steel, wooden and suitably prepared masonry surfaces. Formulated with alkyd and select colourants, it gives a long lasting glossy finish to every surface it touches.",135.593,,160,100,,1,false
62,2024-11-20 08:00:58.1773+00,PRD-062,BERGER LUXOL HI GLOSS ENAMEL BROWN,,1L,BROWN,HI GLOSS ENAMEL,PAINTS,BERGER,"Luxol High Gloss Enamel paint offers a mirror like gloss which can be used both for exterior and interior surfaces mainly on mild steel, wooden and suitably prepared masonry surfaces. Formulated with alkyd and select colourants, it gives a long lasting glossy finish to every surface it touches.",220.339,,260,100,,5,false
63,2024-11-20 08:00:58.1773+00,PRD-063,BERGER LUXOL HI GLOSS ENAMEL BROWN,,4L,BROWN,HI GLOSS ENAMEL,PAINTS,BERGER,"Luxol High Gloss Enamel paint offers a mirror like gloss which can be used both for exterior and interior surfaces mainly on mild steel, wooden and suitably prepared masonry surfaces. Formulated with alkyd and select colourants, it gives a long lasting glossy finish to every surface it touches.",762.712,,900,100,,4,false
64,2024-11-20 08:00:58.1773+00,PRD-064,"BERGER LUXOL HI GLOSS ENAMEL SMOKE GREY ",,200ML,SMOKE GREY,HI GLOSS ENAMEL,PAINTS,BERGER,"Luxol High Gloss Enamel paint offers a mirror like gloss which can be used both for exterior and interior surfaces mainly on mild steel, wooden and suitably prepared masonry surfaces. Formulated with alkyd and select colourants, it gives a long lasting glossy finish to every surface it touches.",76.2712,,90,100,,0,false
65,2024-11-20 08:00:58.1773+00,PRD-065,"BERGER LUXOL HI GLOSS ENAMEL SMOKE GREY ",,500ML,SMOKE GREY,HI GLOSS ENAMEL,PAINTS,BERGER,"Luxol High Gloss Enamel paint offers a mirror like gloss which can be used both for exterior and interior surfaces mainly on mild steel, wooden and suitably prepared masonry surfaces. Formulated with alkyd and select colourants, it gives a long lasting glossy finish to every surface it touches.",135.593,,160,100,,1,false
66,2024-11-20 08:00:58.1773+00,PRD-066,"BERGER LUXOL HI GLOSS ENAMEL SMOKE GREY ",,1L,SMOKE GREY,HI GLOSS ENAMEL,PAINTS,BERGER,"Luxol High Gloss Enamel paint offers a mirror like gloss which can be used both for exterior and interior surfaces mainly on mild steel, wooden and suitably prepared masonry surfaces. Formulated with alkyd and select colourants, it gives a long lasting glossy finish to every surface it touches.",220.339,,260,100,,5,false
67,2024-11-20 08:00:58.1773+00,PRD-067,"BERGER LUXOL HI GLOSS ENAMEL SMOKE GREY ",,4L,SMOKE GREY,HI GLOSS ENAMEL,PAINTS,BERGER,"Luxol High Gloss Enamel paint offers a mirror like gloss which can be used both for exterior and interior surfaces mainly on mild steel, wooden and suitably prepared masonry surfaces. Formulated with alkyd and select colourants, it gives a long lasting glossy finish to every surface it touches.",762.712,,900,100,,4,false
68,2024-11-20 08:00:58.1773+00,PRD-068,BERGER LUXOL HI GLOSS ENAMEL SILVER,,200ML,SILVER,HI GLOSS ENAMEL,PAINTS,BERGER,"Luxol High Gloss Enamel paint offers a mirror like gloss which can be used both for exterior and interior surfaces mainly on mild steel, wooden and suitably prepared masonry surfaces. Formulated with alkyd and select colourants, it gives a long lasting glossy finish to every surface it touches.",93.2203,,110,100,,4,false
69,2024-11-20 08:00:58.1773+00,PRD-069,BERGER LUXOL HI GLOSS ENAMEL SILVER,,500ML,SILVER,HI GLOSS ENAMEL,PAINTS,BERGER,"Luxol High Gloss Enamel paint offers a mirror like gloss which can be used both for exterior and interior surfaces mainly on mild steel, wooden and suitably prepared masonry surfaces. Formulated with alkyd and select colourants, it gives a long lasting glossy finish to every surface it touches.",203.39,,240,100,,5,false
70,2024-11-20 08:00:58.1773+00,PRD-070,BERGER LUXOL HI GLOSS ENAMEL SILVER,,1L,SILVER,HI GLOSS ENAMEL,PAINTS,BERGER,"Luxol High Gloss Enamel paint offers a mirror like gloss which can be used both for exterior and interior surfaces mainly on mild steel, wooden and suitably prepared masonry surfaces. Formulated with alkyd and select colourants, it gives a long lasting glossy finish to every surface it touches.",355.932,,420,100,,4,false
71,2024-11-20 08:00:58.1773+00,PRD-071,BERGER LUXOL HI GLOSS ENAMEL BUS GREEN,,200ML,BUS GREEN,HI GLOSS ENAMEL,PAINTS,BERGER,"Luxol High Gloss Enamel paint offers a mirror like gloss which can be used both for exterior and interior surfaces mainly on mild steel, wooden and suitably prepared masonry surfaces. Formulated with alkyd and select colourants, it gives a long lasting glossy finish to every surface it touches.",76.2712,,90,100,,3,false
72,2024-11-20 08:00:58.1773+00,PRD-072,BERGER LUXOL HI GLOSS ENAMEL BUS GREEN,,500ML,BUS GREEN,HI GLOSS ENAMEL,PAINTS,BERGER,"Luxol High Gloss Enamel paint offers a mirror like gloss which can be used both for exterior and interior surfaces mainly on mild steel, wooden and suitably prepared masonry surfaces. Formulated with alkyd and select colourants, it gives a long lasting glossy finish to every surface it touches.",135.593,,160,100,,2,false
73,2024-11-20 08:00:58.1773+00,PRD-073,BERGER LUXOL HI GLOSS ENAMEL BUS GREEN,,1L,BUS GREEN,HI GLOSS ENAMEL,PAINTS,BERGER,"Luxol High Gloss Enamel paint offers a mirror like gloss which can be used both for exterior and interior surfaces mainly on mild steel, wooden and suitably prepared masonry surfaces. Formulated with alkyd and select colourants, it gives a long lasting glossy finish to every surface it touches.",220.339,,260,100,,1,false
74,2024-11-20 08:00:58.1773+00,PRD-074,BERGER LUXOL HI GLOSS ENAMEL BUS GREEN,,4L,BUS GREEN,HI GLOSS ENAMEL,PAINTS,BERGER,"Luxol High Gloss Enamel paint offers a mirror like gloss which can be used both for exterior and interior surfaces mainly on mild steel, wooden and suitably prepared masonry surfaces. Formulated with alkyd and select colourants, it gives a long lasting glossy finish to every surface it touches.",762.712,,900,100,,4,false
75,2024-11-20 08:00:58.1773+00,PRD-075,BERGER LUXOL HI GLOSS ENAMEL PHIROZA BLUE,,200ML,PHIROZA BLUE,HI GLOSS ENAMEL,PAINTS,BERGER,"Luxol High Gloss Enamel paint offers a mirror like gloss which can be used both for exterior and interior surfaces mainly on mild steel, wooden and suitably prepared masonry surfaces. Formulated with alkyd and select colourants, it gives a long lasting glossy finish to every surface it touches.",84.7458,,100,100,,4,false
76,2024-11-20 08:00:58.1773+00,PRD-076,BERGER LUXOL HI GLOSS ENAMEL PHIROZA BLUE,,500ML,PHIROZA BLUE,HI GLOSS ENAMEL,PAINTS,BERGER,"Luxol High Gloss Enamel paint offers a mirror like gloss which can be used both for exterior and interior surfaces mainly on mild steel, wooden and suitably prepared masonry surfaces. Formulated with alkyd and select colourants, it gives a long lasting glossy finish to every surface it touches.",152.542,,180,100,,5,false
77,2024-11-20 08:00:58.1773+00,PRD-077,BERGER LUXOL HI GLOSS ENAMEL PHIROZA BLUE,,1L,PHIROZA BLUE,HI GLOSS ENAMEL,PAINTS,BERGER,"Luxol High Gloss Enamel paint offers a mirror like gloss which can be used both for exterior and interior surfaces mainly on mild steel, wooden and suitably prepared masonry surfaces. Formulated with alkyd and select colourants, it gives a long lasting glossy finish to every surface it touches.",237.288,,280,100,,4,false
78,2024-11-20 08:00:58.1773+00,PRD-078,BERGER LUXOL HI GLOSS ENAMEL PHIROZA BLUE,,4L,PHIROZA BLUE,HI GLOSS ENAMEL,PAINTS,BERGER,"Luxol High Gloss Enamel paint offers a mirror like gloss which can be used both for exterior and interior surfaces mainly on mild steel, wooden and suitably prepared masonry surfaces. Formulated with alkyd and select colourants, it gives a long lasting glossy finish to every surface it touches.",805.085,,950,100,,5,false
79,2024-11-20 08:00:58.1773+00,PRD-079,BERGER LUXOL HI GLOSS ENAMEL OXFORD BLUE,,200ML,OXFORD BLUE,HI GLOSS ENAMEL,PAINTS,BERGER,"Luxol High Gloss Enamel paint offers a mirror like gloss which can be used both for exterior and interior surfaces mainly on mild steel, wooden and suitably prepared masonry surfaces. Formulated with alkyd and select colourants, it gives a long lasting glossy finish to every surface it touches.",76.2712,,90,100,,3,false
80,2024-11-20 08:00:58.1773+00,PRD-080,BERGER LUXOL HI GLOSS ENAMEL OXFORD BLUE,,500ML,OXFORD BLUE,HI GLOSS ENAMEL,PAINTS,BERGER,"Luxol High Gloss Enamel paint offers a mirror like gloss which can be used both for exterior and interior surfaces mainly on mild steel, wooden and suitably prepared masonry surfaces. Formulated with alkyd and select colourants, it gives a long lasting glossy finish to every surface it touches.",135.593,,160,100,,5,false
81,2024-11-20 08:00:58.1773+00,PRD-081,BERGER LUXOL HI GLOSS ENAMEL OXFORD BLUE,,1L,OXFORD BLUE,HI GLOSS ENAMEL,PAINTS,BERGER,"Luxol High Gloss Enamel paint offers a mirror like gloss which can be used both for exterior and interior surfaces mainly on mild steel, wooden and suitably prepared masonry surfaces. Formulated with alkyd and select colourants, it gives a long lasting glossy finish to every surface it touches.",220.339,,260,100,,4,false
82,2024-11-20 08:00:58.1773+00,PRD-082,BERGER LUXOL HI GLOSS ENAMEL OXFORD BLUE,,4L,OXFORD BLUE,HI GLOSS ENAMEL,PAINTS,BERGER,"Luxol High Gloss Enamel paint offers a mirror like gloss which can be used both for exterior and interior surfaces mainly on mild steel, wooden and suitably prepared masonry surfaces. Formulated with alkyd and select colourants, it gives a long lasting glossy finish to every surface it touches.",762.712,,900,100,,4,false
83,2024-11-20 08:00:58.1773+00,PRD-083,"BERGER LUXOL HI GLOSS ENAMEL GOLDEN YELLOW ",,200ML,GOLDEN YELLOW,HI GLOSS ENAMEL,PAINTS,BERGER,"Luxol High Gloss Enamel paint offers a mirror like gloss which can be used both for exterior and interior surfaces mainly on mild steel, wooden and suitably prepared masonry surfaces. Formulated with alkyd and select colourants, it gives a long lasting glossy finish to every surface it touches.",84.7458,,100,100,,5,false
84,2024-11-20 08:00:58.1773+00,PRD-084,"BERGER LUXOL HI GLOSS ENAMEL GOLDEN YELLOW ",,500ML,GOLDEN YELLOW,HI GLOSS ENAMEL,PAINTS,BERGER,"Luxol High Gloss Enamel paint offers a mirror like gloss which can be used both for exterior and interior surfaces mainly on mild steel, wooden and suitably prepared masonry surfaces. Formulated with alkyd and select colourants, it gives a long lasting glossy finish to every surface it touches.",152.542,,180,100,,5,false
85,2024-11-20 08:00:58.1773+00,PRD-085,"BERGER LUXOL HI GLOSS ENAMEL GOLDEN YELLOW ",,1L,GOLDEN YELLOW,HI GLOSS ENAMEL,PAINTS,BERGER,"Luxol High Gloss Enamel paint offers a mirror like gloss which can be used both for exterior and interior surfaces mainly on mild steel, wooden and suitably prepared masonry surfaces. Formulated with alkyd and select colourants, it gives a long lasting glossy finish to every surface it touches.",237.288,,280,100,,5,false
86,2024-11-20 08:00:58.1773+00,PRD-086,"BERGER LUXOL HI GLOSS ENAMEL GOLDEN YELLOW ",,4L,GOLDEN YELLOW,HI GLOSS ENAMEL,PAINTS,BERGER,"Luxol High Gloss Enamel paint offers a mirror like gloss which can be used both for exterior and interior surfaces mainly on mild steel, wooden and suitably prepared masonry surfaces. Formulated with alkyd and select colourants, it gives a long lasting glossy finish to every surface it touches.",805.085,,950,100,,5,false
87,2024-11-20 08:00:58.1773+00,PRD-087,BERGER LUXOL HI GLOSS ENAMEL DEEP ORANGE,,200ML,DEEP ORANGE,HI GLOSS ENAMEL,PAINTS,BERGER,"Luxol High Gloss Enamel paint offers a mirror like gloss which can be used both for exterior and interior surfaces mainly on mild steel, wooden and suitably prepared masonry surfaces. Formulated with alkyd and select colourants, it gives a long lasting glossy finish to every surface it touches.",84.7458,,100,100,,5,false
88,2024-11-20 08:00:58.1773+00,PRD-088,"BERGER LUXOL HI GLOSS ENAMEL OFF WHITE ",,200ML,OFF WHITE,HI GLOSS ENAMEL,PAINTS,BERGER,"Luxol High Gloss Enamel paint offers a mirror like gloss which can be used both for exterior and interior surfaces mainly on mild steel, wooden and suitably prepared masonry surfaces. Formulated with alkyd and select colourants, it gives a long lasting glossy finish to every surface it touches.",76.2712,,90,100,,5,false
89,2024-11-20 08:00:58.1773+00,PRD-089,"BERGER LUXOL HI GLOSS ENAMEL OFF WHITE ",,500ML,OFF WHITE,HI GLOSS ENAMEL,PAINTS,BERGER,"Luxol High Gloss Enamel paint offers a mirror like gloss which can be used both for exterior and interior surfaces mainly on mild steel, wooden and suitably prepared masonry surfaces. Formulated with alkyd and select colourants, it gives a long lasting glossy finish to every surface it touches.",135.593,,160,100,,5,false
90,2024-11-20 08:00:58.1773+00,PRD-090,"BERGER LUXOL HI GLOSS ENAMEL OFF WHITE ",,1L,OFF WHITE,HI GLOSS ENAMEL,PAINTS,BERGER,"Luxol High Gloss Enamel paint offers a mirror like gloss which can be used both for exterior and interior surfaces mainly on mild steel, wooden and suitably prepared masonry surfaces. Formulated with alkyd and select colourants, it gives a long lasting glossy finish to every surface it touches.",220.339,,260,100,,4,false
91,2024-11-20 08:00:58.1773+00,PRD-091,"BERGER LUXOL HI GLOSS ENAMEL OFF WHITE ",,4L,OFF WHITE,HI GLOSS ENAMEL,PAINTS,BERGER,"Luxol High Gloss Enamel paint offers a mirror like gloss which can be used both for exterior and interior surfaces mainly on mild steel, wooden and suitably prepared masonry surfaces. Formulated with alkyd and select colourants, it gives a long lasting glossy finish to every surface it touches.",762.712,,900,100,,4,false
92,2024-11-20 08:00:58.1773+00,PRD-092,"BERGER LUXOL HI GLOSS ENAMEL LEAF BROWN ",,500ML,LEAF BROWN,HI GLOSS ENAMEL,PAINTS,BERGER,"Luxol High Gloss Enamel paint offers a mirror like gloss which can be used both for exterior and interior surfaces mainly on mild steel, wooden and suitably prepared masonry surfaces. Formulated with alkyd and select colourants, it gives a long lasting glossy finish to every surface it touches.",135.593,,160,100,,4,false
93,2024-11-20 08:00:58.1773+00,PRD-093,"BERGER LUXOL HI GLOSS ENAMEL LEAF BROWN ",,1L,LEAF BROWN,HI GLOSS ENAMEL,PAINTS,BERGER,"Luxol High Gloss Enamel paint offers a mirror like gloss which can be used both for exterior and interior surfaces mainly on mild steel, wooden and suitably prepared masonry surfaces. Formulated with alkyd and select colourants, it gives a long lasting glossy finish to every surface it touches.",220.339,,260,100,,4,false
94,2024-11-20 08:00:58.1773+00,PRD-094,"BERGER LUXOL HI GLOSS ENAMEL LEAF BROWN ",,4L,LEAF BROWN,HI GLOSS ENAMEL,PAINTS,BERGER,"Luxol High Gloss Enamel paint offers a mirror like gloss which can be used both for exterior and interior surfaces mainly on mild steel, wooden and suitably prepared masonry surfaces. Formulated with alkyd and select colourants, it gives a long lasting glossy finish to every surface it touches.",762.712,,900,100,,5,false
95,2024-11-20 08:00:58.1773+00,PRD-095,"BERGER LUXOL HI GLOSS ENAMEL TRUCK BROWN ",,500ML,TRUCK BROWN,HI GLOSS ENAMEL,PAINTS,BERGER,"Luxol High Gloss Enamel paint offers a mirror like gloss which can be used both for exterior and interior surfaces mainly on mild steel, wooden and suitably prepared masonry surfaces. Formulated with alkyd and select colourants, it gives a long lasting glossy finish to every surface it touches.",135.593,,160,100,,5,false
96,2024-11-20 08:00:58.1773+00,PRD-096,"BERGER LUXOL HI GLOSS ENAMEL TRUCK BROWN ",,1L,TRUCK BROWN,HI GLOSS ENAMEL,PAINTS,BERGER,"Luxol High Gloss Enamel paint offers a mirror like gloss which can be used both for exterior and interior surfaces mainly on mild steel, wooden and suitably prepared masonry surfaces. Formulated with alkyd and select colourants, it gives a long lasting glossy finish to every surface it touches.",220.339,,260,100,,5,false
97,2024-11-20 08:00:58.1773+00,PRD-097,"BERGER LUXOL HI GLOSS ENAMEL TRUCK BROWN ",,4L,TRUCK BROWN,HI GLOSS ENAMEL,PAINTS,BERGER,"Luxol High Gloss Enamel paint offers a mirror like gloss which can be used both for exterior and interior surfaces mainly on mild steel, wooden and suitably prepared masonry surfaces. Formulated with alkyd and select colourants, it gives a long lasting glossy finish to every surface it touches.",762.712,,900,100,,5,false
98,2024-11-20 08:00:58.1773+00,PRD-098,BERGER LUXOL HI GLOSS ENAMEL SIGNAL RED,,500ML,SIGNAL RED,HI GLOSS ENAMEL,PAINTS,BERGER,"Luxol High Gloss Enamel paint offers a mirror like gloss which can be used both for exterior and interior surfaces mainly on mild steel, wooden and suitably prepared masonry surfaces. Formulated with alkyd and select colourants, it gives a long lasting glossy finish to every surface it touches.",152.542,,180,100,,5,false
99,2024-11-20 08:00:58.1773+00,PRD-099,BERGER LUXOL HI GLOSS ENAMEL SIGNAL RED,,1L,SIGNAL RED,HI GLOSS ENAMEL,PAINTS,BERGER,"Luxol High Gloss Enamel paint offers a mirror like gloss which can be used both for exterior and interior surfaces mainly on mild steel, wooden and suitably prepared masonry surfaces. Formulated with alkyd and select colourants, it gives a long lasting glossy finish to every surface it touches.",237.288,,280,100,,5,false
100,2024-11-20 08:00:58.1773+00,PRD-100,BERGER LUXOL HI GLOSS ENAMEL SIGNAL RED,,4L,SIGNAL RED,HI GLOSS ENAMEL,PAINTS,BERGER,"Luxol High Gloss Enamel paint offers a mirror like gloss which can be used both for exterior and interior surfaces mainly on mild steel, wooden and suitably prepared masonry surfaces. Formulated with alkyd and select colourants, it gives a long lasting glossy finish to every surface it touches.",889.831,,1050,100,,5,false
101,2024-11-20 08:00:58.1773+00,PRD-101,BERGER LUXOL HI GLOSS ENAMEL PO RED,,500ML,PO RED,HI GLOSS ENAMEL,PAINTS,BERGER,"Luxol High Gloss Enamel paint offers a mirror like gloss which can be used both for exterior and interior surfaces mainly on mild steel, wooden and suitably prepared masonry surfaces. Formulated with alkyd and select colourants, it gives a long lasting glossy finish to every surface it touches.",152.542,,180,100,,,false
102,2024-11-20 08:00:58.1773+00,PRD-102,BERGER LUXOL HI GLOSS ENAMEL PO RED,,1L,PO RED,HI GLOSS ENAMEL,PAINTS,BERGER,"Luxol High Gloss Enamel paint offers a mirror like gloss which can be used both for exterior and interior surfaces mainly on mild steel, wooden and suitably prepared masonry surfaces. Formulated with alkyd and select colourants, it gives a long lasting glossy finish to every surface it touches.",237.288,,280,100,,,false
103,2024-11-20 08:00:58.1773+00,PRD-103,BERGER LUXOL HI GLOSS ENAMEL PO RED,,4L,PO RED,HI GLOSS ENAMEL,PAINTS,BERGER,"Luxol High Gloss Enamel paint offers a mirror like gloss which can be used both for exterior and interior surfaces mainly on mild steel, wooden and suitably prepared masonry surfaces. Formulated with alkyd and select colourants, it gives a long lasting glossy finish to every surface it touches.",889.831,,1050,100,,,false
104,2024-11-20 08:00:58.1773+00,PRD-104,BERGER LUXOL HI GLOSS ENAMEL CHERRY,,200ML,CHERRY,HI GLOSS ENAMEL,PAINTS,BERGER,"Luxol High Gloss Enamel paint offers a mirror like gloss which can be used both for exterior and interior surfaces mainly on mild steel, wooden and suitably prepared masonry surfaces. Formulated with alkyd and select colourants, it gives a long lasting glossy finish to every surface it touches.",84.7458,,100,100,,,false
105,2024-11-20 08:00:58.1773+00,PRD-105,BERGER LUXOL HI GLOSS ENAMEL CHERRY,,500ML,CHERRY,HI GLOSS ENAMEL,PAINTS,BERGER,"Luxol High Gloss Enamel paint offers a mirror like gloss which can be used both for exterior and interior surfaces mainly on mild steel, wooden and suitably prepared masonry surfaces. Formulated with alkyd and select colourants, it gives a long lasting glossy finish to every surface it touches.",152.542,,180,100,,,false
106,2024-11-20 08:00:58.1773+00,PRD-106,BERGER LUXOL HI GLOSS ENAMEL CHERRY,,1L,CHERRY,HI GLOSS ENAMEL,PAINTS,BERGER,"Luxol High Gloss Enamel paint offers a mirror like gloss which can be used both for exterior and interior surfaces mainly on mild steel, wooden and suitably prepared masonry surfaces. Formulated with alkyd and select colourants, it gives a long lasting glossy finish to every surface it touches.",237.288,,280,100,,,false
107,2024-11-20 08:00:58.1773+00,PRD-107,BERGER LUXOL HI GLOSS ENAMEL CHERRY,,4L,CHERRY,HI GLOSS ENAMEL,PAINTS,BERGER,"Luxol High Gloss Enamel paint offers a mirror like gloss which can be used both for exterior and interior surfaces mainly on mild steel, wooden and suitably prepared masonry surfaces. Formulated with alkyd and select colourants, it gives a long lasting glossy finish to every surface it touches.",889.831,,1050,100,,,false
108,2024-11-20 08:00:58.1773+00,PRD-108,"BERGER RED OXIDE PRIMER ",,500ML,RED OXIDE,PRIMER,PAINTS,BERGER,Butterfly A/C Metal Primer RO has a synthetic alkyd binder and micro fine red oxide powder along with extenders and different additives. It’s free from metals like lead and chromium.,84.7458,,100,100,,,false
109,2024-11-20 08:00:58.1773+00,PRD-109,"BERGER RED OXIDE PRIMER ",,1L,RED OXIDE,PRIMER,PAINTS,BERGER,Butterfly A/C Metal Primer RO has a synthetic alkyd binder and micro fine red oxide powder along with extenders and different additives. It’s free from metals like lead and chromium.,152.542,,180,100,,,false
110,2024-11-20 08:00:58.1773+00,PRD-110,"BERGER RED OXIDE PRIMER ",,4L,RED OXIDE,PRIMER,PAINTS,BERGER,Butterfly A/C Metal Primer RO has a synthetic alkyd binder and micro fine red oxide powder along with extenders and different additives. It’s free from metals like lead and chromium.,593.22,,700,100,,,false
111,2024-11-20 08:00:58.1773+00,PRD-111,"BERGER RED OXIDE PRIMER ",,10L,RED OXIDE,PRIMER,PAINTS,BERGER,Butterfly A/C Metal Primer RO has a synthetic alkyd binder and micro fine red oxide powder along with extenders and different additives. It’s free from metals like lead and chromium.,1398.31,,1650,100,,,false
112,2024-11-20 08:00:58.1773+00,PRD-112,"BERGER RED OXIDE PRIMER ",,20L,RED OXIDE,PRIMER,PAINTS,BERGER,Butterfly A/C Metal Primer RO has a synthetic alkyd binder and micro fine red oxide powder along with extenders and different additives. It’s free from metals like lead and chromium.,2457.63,,2900,100,,,false
113,2024-11-20 08:00:58.1773+00,PRD-113,BERGER BP WHITE PRIMER ST/OIL,,500ML,WHITE,PRIMER OIL,PAINTS,BERGER,"BP White Primer (ST) is an oil modified alkyd based primer pigmented with micro fine pigments and extenders. This is ideal for plaster surfaces, wooden and ferrous –metallic substrate. Benefits High Opacity White Primer Paint has great opacity offering good coverage against surface imperfections. . Easy Brushability BP White Primer has Good Brushability. Excellent Whiteness BP White Primer (ST) provides excellent whiteness, consistent finish and is ideal for a base coat.",84.7458,,100,100,,,false
114,2024-11-20 08:00:58.1773+00,PRD-114,BERGER BP WHITE PRIMER ST/OIL,,1L,WHITE,PRIMER OIL,PAINTS,BERGER,"BP White Primer (ST) is an oil modified alkyd based primer pigmented with micro fine pigments and extenders. This is ideal for plaster surfaces, wooden and ferrous –metallic substrate. Benefits High Opacity White Primer Paint has great opacity offering good coverage against surface imperfections. . Easy Brushability BP White Primer has Good Brushability. Excellent Whiteness BP White Primer (ST) provides excellent whiteness, consistent finish and is ideal for a base coat.",186.441,,220,100,,,false
115,2024-11-20 08:00:58.1773+00,PRD-115,BERGER BP WHITE PRIMER ST/OIL,,4L,WHITE,PRIMER OIL,PAINTS,BERGER,"BP White Primer (ST) is an oil modified alkyd based primer pigmented with micro fine pigments and extenders. This is ideal for plaster surfaces, wooden and ferrous –metallic substrate. Benefits High Opacity White Primer Paint has great opacity offering good coverage against surface imperfections. . Easy Brushability BP White Primer has Good Brushability. Excellent Whiteness BP White Primer (ST) provides excellent whiteness, consistent finish and is ideal for a base coat.",677.966,,800,100,,,false
116,2024-11-20 08:00:58.1773+00,PRD-116,BERGER BP WHITE PRIMER ST/OIL,,10L,WHITE,PRIMER OIL,PAINTS,BERGER,"BP White Primer (ST) is an oil modified alkyd based primer pigmented with micro fine pigments and extenders. This is ideal for plaster surfaces, wooden and ferrous –metallic substrate. Benefits High Opacity White Primer Paint has great opacity offering good coverage against surface imperfections. . Easy Brushability BP White Primer has Good Brushability. Excellent Whiteness BP White Primer (ST) provides excellent whiteness, consistent finish and is ideal for a base coat.",1483.05,,1750,100,,,false
117,2024-11-20 08:00:58.1773+00,PRD-117,BERGER BP WHITE PRIMER ST/OIL,,20L,WHITE,PRIMER OIL,PAINTS,BERGER,"BP White Primer (ST) is an oil modified alkyd based primer pigmented with micro fine pigments and extenders. This is ideal for plaster surfaces, wooden and ferrous –metallic substrate. Benefits High Opacity White Primer Paint has great opacity offering good coverage against surface imperfections. . Easy Brushability BP White Primer has Good Brushability. Excellent Whiteness BP White Primer (ST) provides excellent whiteness, consistent finish and is ideal for a base coat.",2796.61,,3300,100,,,false
118,2024-11-20 08:00:58.1773+00,PRD-118,BERGER BP WHITE PRIMER WATER,,1L,WHITE,PRIMER WATER,PAINTS,BERGER,"BP White Primer (WT) is a low smell, air drying primer with a hard film best for interior walls. It’s suitanle for masonary, and also is free from metals.",127.119,,150,100,,,false
119,2024-11-20 08:00:58.1773+00,PRD-119,BERGER BP WHITE PRIMER WATER,,4L,WHITE,PRIMER WATER,PAINTS,BERGER,"BP White Primer (WT) is a low smell, air drying primer with a hard film best for interior walls. It’s suitanle for masonary, and also is free from metals.",440.678,,520,100,,,false
120,2024-11-20 08:00:58.1773+00,PRD-120,"HETTICH CHANNEL NORMAL ",,"20 Inch ",,HETTICH,NORMAL,CHANNEL,"Smooth Running
Up-to 45kg load Capacity
Come with 2 channel (1 set) 1 for left 1 for right
Non soft close normal channel.",355.932,,420,100,,,false
121,2024-11-20 08:00:58.1773+00,PRD-121,"HETTICH CHANNEL NORMAL ",,18 Inch,,HETTICH,NORMAL,CHANNEL,"Smooth Running
Up-to 45kg load Capacity
Come with 2 channel (1 set) 1 for left 1 for right
Non soft close normal channel.",338.983,,400,100,,,false
122,2024-11-20 08:00:58.1773+00,PRD-122,"HETTICH CHANNEL NORMAL ",,16 Inch,,HETTICH,NORMAL,CHANNEL,"Smooth Running
Up-to 45kg load Capacity
Come with 2 channel (1 set) 1 for left 1 for right
Non soft close normal channel.",305.085,,360,100,,,false
123,2024-11-20 08:00:58.1773+00,PRD-123,"HETTICH CHANNEL NORMAL ",,14 Inch,,HETTICH,NORMAL,CHANNEL,"Smooth Running
Up-to 45kg load Capacity
Come with 2 channel (1 set) 1 for left 1 for right
Non soft close normal channel.",288.136,,340,100,,,false
124,2024-11-20 08:00:58.1773+00,PRD-124,"HETTICH CHANNEL NORMAL ",,12 Inch,,HETTICH,NORMAL,CHANNEL,"Smooth Running
Up-to 45kg load Capacity
Come with 2 channel (1 set) 1 for left 1 for right
Non soft close normal channel.",271.186,,320,100,,,false
125,2024-11-20 08:00:58.1773+00,PRD-125,"HETTICH CHANNEL NORMAL ",,10 Inch,,HETTICH,NORMAL,CHANNEL,"Smooth Running
Up-to 45kg load Capacity
Come with 2 channel (1 set) 1 for left 1 for right
Non soft close normal channel.",254.237,,300,100,,,false
126,2024-11-20 08:00:58.1773+00,PRD-126,HETTICH CHANNEL SOFT CLOSE,,20 Inch,,HETTICH,SOFT CLOSE,CHANNEL,"Full extension runner with Silent System for side mounting
Silent System - the integrated soft-closing function shuts the drawer quietly and gently
Using a release lever, the drawer can be detached from the runner and thus removed and re-fitted with ease
For drawers with grooved, rebated or loosely fitted drawer bottom panel
Loading capacity to EN 15338, Level 2. Made of Galvanized steel, blue passivated",720.339,,850,100,,,false
127,2024-11-20 08:00:58.1773+00,PRD-127,HETTICH CHANNEL SOFT CLOSE,,18 Inch,,HETTICH,SOFT CLOSE,CHANNEL,"Full extension runner with Silent System for side mounting
Silent System - the integrated soft-closing function shuts the drawer quietly and gently
Using a release lever, the drawer can be detached from the runner and thus removed and re-fitted with ease
For drawers with grooved, rebated or loosely fitted drawer bottom panel
Loading capacity to EN 15338, Level 2. Made of Galvanized steel, blue passivated",677.966,,800,100,,,false
128,2024-11-20 08:00:58.1773+00,PRD-128,HETTICH CHANNEL SOFT CLOSE,,16 Inch,,HETTICH,SOFT CLOSE,CHANNEL,"Full extension runner with Silent System for side mounting
Silent System - the integrated soft-closing function shuts the drawer quietly and gently
Using a release lever, the drawer can be detached from the runner and thus removed and re-fitted with ease
For drawers with grooved, rebated or loosely fitted drawer bottom panel
Loading capacity to EN 15338, Level 2. Made of Galvanized steel, blue passivated",635.593,,750,100,,,false
129,2024-11-20 08:00:58.1773+00,PRD-129,HETTICH CHANNEL SOFT CLOSE,,14 Inch,,HETTICH,SOFT CLOSE,CHANNEL,"Full extension runner with Silent System for side mounting
Silent System - the integrated soft-closing function shuts the drawer quietly and gently
Using a release lever, the drawer can be detached from the runner and thus removed and re-fitted with ease
For drawers with grooved, rebated or loosely fitted drawer bottom panel
Loading capacity to EN 15338, Level 2. Made of Galvanized steel, blue passivated",593.22,,700,100,,,false
130,2024-11-20 08:00:58.1773+00,PRD-130,HETTICH CHANNEL SOFT CLOSE,,12 Inch,,HETTICH,SOFT CLOSE,CHANNEL,"Full extension runner with Silent System for side mounting
Silent System - the integrated soft-closing function shuts the drawer quietly and gently
Using a release lever, the drawer can be detached from the runner and thus removed and re-fitted with ease
For drawers with grooved, rebated or loosely fitted drawer bottom panel
Loading capacity to EN 15338, Level 2. Made of Galvanized steel, blue passivated",576.271,,680,100,,,false
131,2024-11-20 08:00:58.1773+00,PRD-131,HETTICH INDIAN SOFT CLOSE HINGHS,,CRANK 0,,HETTICH,HYDROLIC,HINGHS,"Colour : Silver
Quantity : Set of 2 Pieces
Crank - 0 , with 4 hole mounting plate",220.339,,260,1000,,,false
132,2024-11-20 08:00:58.1773+00,PRD-132,HETTICH INDIAN SOFT CLOSE HINGHS,,CRANK 8,,HETTICH,HYDROLIC,HINGHS,"Colour : Silver
Quantity : Set of 2 Pieces
Crank - 8 , with 4 hole mounting plate",237.288,,280,1000,,,false
133,2024-11-20 08:00:58.1773+00,PRD-133,HETTICH INDIAN SOFT CLOSE HINGHS,,CRANK 15,,HETTICH,HYDROLIC,HINGHS,"Colour : Silver
Quantity : Set of 2 Pieces
Crank - 15 , with 4 hole mounting plate",237.288,,280,1000,,,false
134,2024-11-20 08:00:58.1773+00,PRD-134,VERONICA HF YARIS NOZZLE CS,3924,,STAINLESS STEEL,HEALTH FOUCET,SANITARY ACCESSORIES,VERONICA,,1440,,750,100,,5,false
135,2024-11-20 08:00:58.1773+00,PRD-135,VERONICA HF SQUARE CS,3924,,STAINLESS STEEL,HEALTH FOUCET,SANITARY ACCESSORIES,VERONICA,,0,,,100,,5,false
136,2024-11-20 08:00:58.1773+00,PRD-136,VERONICA SPLASH-P HEALTH FOUCET,3924,,STAINLESS STEEL,HEALTH FOUCET,SANITARY ACCESSORIES,VERONICA,,0,,,100,,5,false
137,2024-11-20 08:00:58.1773+00,PRD-137,VERONICA VIRTUS BRASS HELTH FOUCET CS,8481,,STAINLESS STEEL,HEALTH FOUCET,SANITARY ACCESSORIES,VERONICA,,0,,,100,,5,false
138,2024-11-20 08:00:58.1773+00,PRD-138,VERONICA NYLE CONNECTION SHOWER TUBE,4009,,STAINLESS STEEL,,SANITARY ACCESSORIES,VERONICA,,0,,,100,,5,false
139,2024-11-20 08:00:58.1773+00,PRD-139,VERONICA FLEXI SHOWER TUBE GREY,4009,,STAINLESS STEEL,,SANITARY ACCESSORIES,VERONICA,,0,,,100,,5,false
140,2024-11-20 08:00:58.1773+00,PRD-140,VERONICA FLEXI SHOWER TUBE CHROME,8307,,STAINLESS STEEL,,SANITARY ACCESSORIES,VERONICA,,0,,,100,,5,false
141,2024-11-20 08:00:58.1773+00,PRD-141,VERONICA COCKROACH CONTROLLER TRAP SQ/RD 5'',7326,,STAINLESS STEEL,,SANITARY ACCESSORIES,VERONICA,,0,,,100,,5,false
142,2024-11-20 08:00:58.1773+00,PRD-142,VERONICA COCKROACH CONTROLLER TRAP RD 5'',7326,,STAINLESS STEEL,,SANITARY ACCESSORIES,VERONICA,,0,,,100,,5,false
143,2024-11-20 08:00:58.1773+00,PRD-143,SHOWER DRAIN 12'' SS,7326,,STAINLESS STEEL,,SANITARY ACCESSORIES,VERONICA,,0,,,100,,5,false
144,2024-11-20 08:00:58.1773+00,PRD-144,VERONICA FLOOR GRATING SQ/RD 5'',3924,,STAINLESS STEEL,,SANITARY ACCESSORIES,VERONICA,,0,,,100,,5,false
145,2024-11-20 08:00:58.1773+00,PRD-145,VERONICA COCKROACH CONTROLLER TRAP SQ/RD 5'',7326,,STAINLESS STEEL,,SANITARY ACCESSORIES,VERONICA,,0,,,100,,5,false
146,2024-11-20 08:00:58.1773+00,PRD-146,VERONICA COCKROACH CONTROLLER TRAP SQ/RD 5'',7326,,STAINLESS STEEL,,SANITARY ACCESSORIES,VERONICA,,0,,,100,,5,false
147,2024-11-20 08:00:58.1773+00,PRD-147,VERONICA COCKROACH CONTROLLER TRAP RD 5'',7326,,STAINLESS STEEL,,SANITARY ACCESSORIES,VERONICA,,0,,,100,,5,false
148,2024-11-20 08:00:58.1773+00,PRD-148,VERONICA COCKROACH CONTROLLER TRAP RD 5'',7326,,STAINLESS STEEL,,SANITARY ACCESSORIES,VERONICA,,0,,,100,,5,false
149,2024-11-20 08:00:58.1773+00,PRD-149,VERONICA COCKROACH CONTROLLER TRAP SQ/RD 5'' FRAME,7326,,STAINLESS STEEL,,SANITARY ACCESSORIES,VERONICA,,0,,,100,,5,false
150,2024-11-20 08:00:58.1773+00,PRD-150,VERONICA COCKROACH CONTROLLER TRAP SQ/RD 5'' FRAME,7326,,STAINLESS STEEL,,SANITARY ACCESSORIES,VERONICA,,0,,,100,,5,false
151,2024-11-20 08:00:58.1773+00,PRD-151,VERONICA COCKROACH CONTROLLER TRAP RD 5'' FRAME,7326,,STAINLESS STEEL,,SANITARY ACCESSORIES,VERONICA,,0,,,100,,5,false
152,2024-11-20 08:00:58.1773+00,PRD-152,VERONICA COCKROACH CONTROLLER TRAP RD 5'' FRAME,7326,,STAINLESS STEEL,,SANITARY ACCESSORIES,VERONICA,,0,,,100,,5,false
153,2024-11-20 08:00:58.1773+00,PRD-153,VERONICA WASTE COUPLING BRASS 3'',7324,,STAINLESS STEEL,,SANITARY ACCESSORIES,VERONICA,,0,5,55,100,,5,false
154,2024-11-20 08:00:58.1773+00,PRD-154,VERONICA HF YARIS NOZZLE CS,3924,,STAINLESS STEEL,,SANITARY ACCESSORIES,VERONICA,,0,,,100,,5,false
155,2024-11-20 08:00:58.1773+00,PRD-155,VERONICA HF SUMO NOZZLE CS,3924,,STAINLESS STEEL,,SANITARY ACCESSORIES,VERONICA,,0,,,100,,5,false
156,2024-11-20 08:00:58.1773+00,PRD-156,VERONICA NYLE CONNECTION SHOWER TUBE,4009,,STAINLESS STEEL,,SANITARY ACCESSORIES,VERONICA,,0,,,100,,5,false
157,2024-11-20 08:00:58.1773+00,PRD-157,VERONICA FLEXI SHOWER TUBE GREY,4009,,STAINLESS STEEL,,SANITARY ACCESSORIES,VERONICA,,0,,,100,,5,false
158,2024-11-20 08:00:58.1773+00,PRD-158,VERONICA SS BRAIDED HOSE CONNECTION PIPE 18'',40091200,,STAINLESS STEEL,,SANITARY ACCESSORIES,VERONICA,,0,,,100,,5,false
159,2024-11-20 08:00:58.1773+00,PRD-159,VERONICA SS BRAIDED HOSE CONNECTION PIPE 24'',40091200,,STAINLESS STEEL,,SANITARY ACCESSORIES,VERONICA,,0,,,100,,5,false
160,2024-11-20 08:00:58.1773+00,PRD-160,VERONICA SS BRAIDED HOSE CONNECTION PIPE 30'',40091200,,STAINLESS STEEL,,SANITARY ACCESSORIES,VERONICA,,0,,,100,,5,false
161,2024-11-20 08:00:58.1773+00,PRD-161,VERONICA COLLAR SHOWER 4 '',8481,,STAINLESS STEEL,,SANITARY ACCESSORIES,VERONICA,,0,,,100,,5,false
162,2024-11-20 08:00:58.1773+00,PRD-162,VERONICA WASTE COUPLING BRASS 6'',7418,,STAINLESS STEEL,,SANITARY ACCESSORIES,VERONICA,,0,,,100,,5,false
163,2024-11-20 08:00:58.1773+00,PRD-163,VERONICA VIRTUS HEALTH FOUCET CP BRASS CS,8481,,STAINLESS STEEL,,SANITARY ACCESSORIES,VERONICA,,0,,,100,,5,false
164,2024-11-20 08:00:58.1773+00,PRD-164,VERONICA HF YARIS NOZZLE CS,3924,,STAINLESS STEEL,,SANITARY ACCESSORIES,VERONICA,,0,,,100,,5,false
165,2024-11-20 08:00:58.1773+00,PRD-165,VERONICA HF YARIS NOZZLE CS,3924,,STAINLESS STEEL,,SANITARY ACCESSORIES,VERONICA,,0,,,100,,5,false
166,2024-11-20 08:00:58.1773+00,PRD-166,VERONICA FLEXI SHOWER TUBE CHROME,8307,,STAINLESS STEEL,,SANITARY ACCESSORIES,VERONICA,,0,,,100,,5,false
167,2024-11-20 08:00:58.1773+00,PRD-167,VERONICA NYLE CONNECTION SHOWER TUBE,4009,,STAINLESS STEEL,,SANITARY ACCESSORIES,VERONICA,,0,,,100,,5,false
168,2024-11-20 08:00:58.1773+00,PRD-168,VERONICA FLOOR GRATING RD 5 '',4009,,STAINLESS STEEL,,SANITARY ACCESSORIES,VERONICA,,0,,,100,,5,false
169,2024-11-20 08:00:58.1773+00,PRD-169,VERONICA COCKROACH CONTROLLER TRAP SQ/RD 5'',7326,,STAINLESS STEEL,,SANITARY ACCESSORIES,VERONICA,,0,,,100,,5,false
170,2024-11-20 08:00:58.1773+00,PRD-170,VERONICA HF YARIS NOZZLE CS,3924,,STAINLESS STEEL,,SANITARY ACCESSORIES,VERONICA,,0,,,100,,5,false
171,2024-11-20 08:00:58.1773+00,PRD-171,VERONICA COCKROACH CONTROLLER TRAP SQ/RD 5'',7326,,STAINLESS STEEL,,SANITARY ACCESSORIES,VERONICA,,0,,,100,,5,false
172,2024-11-20 08:00:58.1773+00,PRD-172,VERONICA HF YARIS NOZZLE CS,3924,,STAINLESS STEEL,,SANITARY ACCESSORIES,VERONICA,,0,,,100,,5,false
173,2024-11-20 08:00:58.1773+00,PRD-173,VERONICA SS BRAIDED HOSE CONNECTION PIPE 18'',40091200,,STAINLESS STEEL,,SANITARY ACCESSORIES,VERONICA,,0,,,100,,5,false
174,2024-11-20 08:00:58.1773+00,PRD-174,VERONICA SS BRAIDED HOSE CONNECTION PIPE 24'',40091200,,STAINLESS STEEL,,SANITARY ACCESSORIES,VERONICA,,0,,,100,,5,false
175,2024-11-20 08:00:58.1773+00,PRD-175,VERONICA SS BRAIDED HOSE CONNECTION PIPE 30'',40091200,,STAINLESS STEEL,,SANITARY ACCESSORIES,VERONICA,,0,,,100,,5,false
176,2024-11-20 08:00:58.1773+00,PRD-176,VERONICA HF SQUARE CS,3924,,STAINLESS STEEL,,SANITARY ACCESSORIES,VERONICA,,0,,,100,,5,false
177,2024-11-20 08:00:58.1773+00,PRD-177,VERONICA NYLE CONNECTION SHOWER TUBE,4009,,STAINLESS STEEL,,SANITARY ACCESSORIES,VERONICA,,0,,,100,,5,false
178,2024-11-20 08:00:58.1773+00,PRD-178,VERONICA FLEXI SHOWER TUBE CHROME,8307,,STAINLESS STEEL,,SANITARY ACCESSORIES,VERONICA,,0,,,100,,5,false
179,2024-11-20 08:00:58.1773+00,PRD-179,VERONICA SPLASH-P HEALTH FOUCET,3924,,STAINLESS STEEL,,SANITARY ACCESSORIES,VERONICA,,0,,,100,,5,false
180,2024-11-20 08:00:58.1773+00,PRD-180,VERONICA HF YARIS NOZZLE CS,3924,,STAINLESS STEEL,,SANITARY ACCESSORIES,VERONICA,,0,,,100,,5,false
181,2024-11-20 08:00:58.1773+00,PRD-181,VERONICA SS BRAIDED HOSE CONNECTION PIPE 18'',40091200,,STAINLESS STEEL,,SANITARY ACCESSORIES,VERONICA,,0,,,100,,5,false
182,2024-11-20 08:00:58.1773+00,PRD-182,VERONICA VIRTUS BRASS HELTH FOUCET CS,8481,,STAINLESS STEEL,,SANITARY ACCESSORIES,VERONICA,,0,,,100,,5,false
183,2024-11-20 08:00:58.1773+00,PRD-183,VERONICA HF YARIS NOZZLE CS,3924,,STAINLESS STEEL,,SANITARY ACCESSORIES,VERONICA,,0,,,100,,5,false
184,2024-11-20 08:00:58.1773+00,PRD-184,VERONICA FLEXI SHOWER TUBE CHROME,8307,,STAINLESS STEEL,,SANITARY ACCESSORIES,VERONICA,,0,,,100,,5,false
185,2024-11-20 08:00:58.1773+00,PRD-185,VERONICA HF YARIS NOZZLE CS,3924,,STAINLESS STEEL,,SANITARY ACCESSORIES,VERONICA,,0,,,100,,5,false
186,2024-11-20 08:00:58.1773+00,PRD-186,VERONICA VIRTUS BRASS HELTH FOUCET CS,8481,,STAINLESS STEEL,,SANITARY ACCESSORIES,VERONICA,,0,,,100,,5,false
187,2024-11-20 08:00:58.1773+00,PRD-187,VERONICA MAHINDERA BRASS HELTH FOUCET CS,,,STAINLESS STEEL,,SANITARY ACCESSORIES,VERONICA,,0,,,100,,5,false
188,2024-11-20 08:00:58.1773+00,PRD-188,VERONICA NYLE CONNECTION SHOWER TUBE,4009,,STAINLESS STEEL,,SANITARY ACCESSORIES,VERONICA,,0,,,100,,5,false
189,2024-11-20 08:00:58.1773+00,PRD-189,VERONICA SS BRAIDED HOSE CONNECTION PIPE 18'',40091200,,STAINLESS STEEL,,SANITARY ACCESSORIES,VERONICA,,0,,,100,,5,false
190,2024-11-20 08:00:58.1773+00,PRD-190,VERONICA COCKROACH CONTROLLER TRAP SQ/RD 5'',7326,,STAINLESS STEEL,,SANITARY ACCESSORIES,VERONICA,,0,,,100,,5,false
191,2024-11-20 08:00:58.1773+00,PRD-191,VERONICA COCKROACH CONTROLLER TRAP RD 5'',7326,,STAINLESS STEEL,,SANITARY ACCESSORIES,VERONICA,,0,,,100,,5,false
192,2024-11-20 08:00:58.1773+00,PRD-192,VERONICA FLOOR GRATING SQ/RD 5'',3924,,STAINLESS STEEL,,SANITARY ACCESSORIES,VERONICA,,0,,,100,,5,false
193,2024-11-20 08:00:58.1773+00,PRD-193,VERONICA FLOOR GRATING RD 5 '',4009,,STAINLESS STEEL,,SANITARY ACCESSORIES,VERONICA,,0,,,100,,5,false
194,2024-11-20 08:00:58.1773+00,PRD-194,BBM LED MIRROR ROUND DR1-1,7009,50,SILVER,ROUND,LED MIRROR,BBM,LED MIRROR WITH MULTI COLOR CHANGE,500,50,500,25,https://zwpxczeturmsdddiwpfl.supabase.co/storage/v1/object/public/product-images/LEDMirror/LEDMirror-round.jpg,5,true
195,2024-11-20 08:00:58.1773+00,PRD-195,BBM LED MIRROR SQUARE DS1,7009,,SILVER,SQUARE,LED MIRROR,BBM,LED MIRROR WITH MULTI COLOR CHANGE,700,70,700,25,https://zwpxczeturmsdddiwpfl.supabase.co/storage/v1/object/public/product-images/LEDMirror/LEDMirror-square.webp,5,true
196,2024-11-20 08:00:58.1773+00,PRD-196,BBM LED MIRROR RECTANGE DRE1,7009,,SILVER,"RECTANGE ",LED MIRROR,BBM,LED MIRROR WITH MULTI COLOR CHANGE,900,55,900,25,https://zwpxczeturmsdddiwpfl.supabase.co/storage/v1/object/public/product-images/LEDMirror/LEDMirror-rectangle.webp,5,true
197,2024-11-20 08:00:58.1773+00,PRD-197,BBM LED MIRROR OVAl DO1,7009,,SILVER,OVAL,LED MIRROR,BBM,LED MIRROR WITH MULTI COLOR CHANGE,1100,95,1100,25,https://zwpxczeturmsdddiwpfl.supabase.co/storage/v1/object/public/product-images/LEDMirror/LEDMirror-oval.webp,5,true